{
    "version": 2,
    "video_stream_device":
    {
        "stereo_camera":
        {
            "left":
            {
                "type": "v4l2",
                "names": ["Stereo Vision 1", "Stereo Vision 1: Stereo Vision ", "Video Capture 5"]
            },
            "right":
            {
                "type": "v4l2",
                "names": ["Stereo Vision 2", "Stereo Vision 2: Stereo Vision ", "Video Capture 5"]
            },
            "width": 1920,
            "height": 1080,
            "framerate": 30,
            "camera_offset":
            {
                "left_x":     0.0,
                "left_y":     -40.0,
                "right_x":    10.0,
                "right_y":    0.0
            },
            "camera_relative_pose":
            {
                "rotation":     [0.0, 0.0, 0.0, 0.0, 0.0, 0.0, 0.0, 0.0, 0.0],
                "translation":  [0.0, 0.0, 0.0]
            },
            "camera_intrinsic0":
            {
                "fx":   649.98291315,
                "fy":   649.5200055,
                "cx":   948.25829987,
                "cy":   562.09198792,

                "k1":   -0.21252438,
                "k2":   0.03947589,

                "p1":   0.00009263,
                "p2":   0.0000544,

                "k3":   -0.00312653
            },
            "camera_intrinsic1":
            {
                "fx":   649.98291315,
                "fy":   649.5200055,
                "cx":   948.25829987,
                "cy":   562.09198792,

                "k1":   -0.21252438,
                "k2":   0.03947589,

                "p1":   0.00009263,
                "p2":   0.0000544,

                "k3":   -0.00312653
            }
        },
        "audio-in":
        {
            "type": "pulsesrc",
            "name": "alsa_input.usb-Creative_Technology_Ltd_Sound_BlasterX_G1_00140011-00.analog-stereo",
            "bitrate": 0
        },
        "audio-out":
        {
            "type": "pulsesink",
            "name": "",
            "bitrate": 0
        }
    }
}
